[
  { "type":"station", "code":"IT-ROMA-TERMINI", "name":"Roma Termini", "country":"IT", "lat":41.9010, "lon":12.5018 },
  { "type":"station", "code":"IT-ROMA-TIBURTINA", "name":"Roma Tiburtina", "country":"IT", "lat":41.9109, "lon":12.5296 },
  { "type":"station", "code":"IT-MILANO-CENTRALE", "name":"Milano Centrale", "country":"IT", "lat":45.4856, "lon":9.2040 },
  { "type":"station", "code":"IT-FIRENZE-SMN", "name":"Firenze S. M. Novella", "country":"IT", "lat":43.7761, "lon":11.2477 },
  { "type":"station", "code":"IT-BOLOGNA-CE", "name":"Bologna Centrale", "country":"IT", "lat":44.5054, "lon":11.3417 },
  { "type":"station", "code":"IT-VENEZIA-SL", "name":"Venezia S. Lucia", "country":"IT", "lat":45.4411, "lon":12.3216 },
  { "type":"station", "code":"IT-NAPOLI-CENTRALE", "name":"Napoli Centrale", "country":"IT", "lat":40.8522, "lon":14.2720 },
  { "type":"station", "code":"IT-TORINO-PORTA-NUOVA", "name":"Torino Porta Nuova", "country":"IT", "lat":45.0613, "lon":7.6781 },
  { "type":"station", "code":"IT-VERONA-PN", "name":"Verona Porta Nuova", "country":"IT", "lat":45.4299, "lon":10.9826 },
  { "type":"station", "code":"IT-BARI-CE", "name":"Bari Centrale", "country":"IT", "lat":41.1126, "lon":16.8697 },

  { "type":"station", "code":"UK-LONDON-KINGSX", "name":"London Kings Cross", "country":"UK", "lat":51.5308, "lon":-0.1238 },
  { "type":"station", "code":"UK-LONDON-EUSTON", "name":"London Euston", "country":"UK", "lat":51.5282, "lon":-0.1337 },
  { "type":"station", "code":"UK-LONDON-STPANCRAS", "name":"London St Pancras", "country":"UK", "lat":51.5317, "lon":-0.1263 },
  { "type":"station", "code":"UK-MANCHESTER-PICCADILLY", "name":"Manchester Piccadilly", "country":"UK", "lat":53.4774, "lon":-2.2302 },
  { "type":"station", "code":"UK-EDINBURGH-WAVERLEY", "name":"Edinburgh Waverley", "country":"UK", "lat":55.9521, "lon":-3.1890 },
  { "type":"station", "code":"UK-GLASGOW-CENTRAL", "name":"Glasgow Central", "country":"UK", "lat":55.8580, "lon":-4.2590 },

  { "type":"station", "code":"FR-PARIS-GDN", "name":"Paris Gare du Nord", "country":"FR", "lat":48.8809, "lon":2.3553 },
  { "type":"station", "code":"FR-PARIS-LYON", "name":"Paris Gare de Lyon", "country":"FR", "lat":48.8443, "lon":2.3744 },
  { "type":"station", "code":"FR-LYON-PD", "name":"Lyon Part-Dieu", "country":"FR", "lat":45.7606, "lon":4.8619 },

  { "type":"station", "code":"ES-MADRID-ATOCHA", "name":"Madrid Atocha", "country":"ES", "lat":40.4066, "lon":-3.6904 },
  { "type":"station", "code":"ES-BCN-SANTS", "name":"Barcelona Sants", "country":"ES", "lat":41.3791, "lon":2.1408 },

  { "type":"station", "code":"DE-BERLIN-HBF", "name":"Berlin Hbf", "country":"DE", "lat":52.5251, "lon":13.3694 },
  { "type":"station", "code":"DE-FRANKFURT-HBF", "name":"Frankfurt Hbf", "country":"DE", "lat":50.1072, "lon":8.6638 },
  { "type":"station", "code":"DE-MUNICH-HBF", "name":"München Hbf", "country":"DE", "lat":48.1402, "lon":11.5583 },

  { "type":"station", "code":"NL-AMSTERDAM-CS", "name":"Amsterdam Centraal", "country":"NL", "lat":52.3792, "lon":4.9003 },
  { "type":"station", "code":"BE-BRUSSELS-MIDI", "name":"Bruxelles-Midi", "country":"BE", "lat":50.8357, "lon":4.3357 },

  { "type":"station", "code":"CH-ZURICH-HB", "name":"Zürich HB", "country":"CH", "lat":47.3782, "lon":8.5402 },
  { "type":"station", "code":"AT-VIENNA-HBF", "name":"Wien Hbf", "country":"AT", "lat":48.1850, "lon":16.3745 }
]
